mean_fit_time,std_fit_time,mean_score_time,std_score_time,param_algorithm,param_n_neighbors,param_weights,params,split0_test_score,split1_test_score,split2_test_score,split3_test_score,split4_test_score,mean_test_score,std_test_score,rank_test_score
0.407641363,0.015450032,7.79209981,2.1888215,kd_tree,31,distance,"OrderedDict({'algorithm': 'kd_tree', 'n_neighbors': 31, 'weights': 'distance'})",0.94,0.95125,0.93625,0.9325,0.94375,0.94075,0.006451744,146
0.078846312,0.023377702,0.908448648,0.121682784,auto,15,uniform,"OrderedDict({'algorithm': 'auto', 'n_neighbors': 15, 'weights': 'uniform'})",0.9425,0.95375,0.94375,0.9375,0.95,0.9455,0.005733672,54
0.105147934,0.025282747,0.917978334,0.062527408,auto,35,distance,"OrderedDict({'algorithm': 'auto', 'n_neighbors': 35, 'weights': 'distance'})",0.94,0.9475,0.9325,0.92875,0.94,0.93775,0.006538348,192
0.118321562,0.018789366,0.941575766,0.047561282,auto,44,distance,"OrderedDict({'algorithm': 'auto', 'n_neighbors': 44, 'weights': 'distance'})",0.9325,0.94875,0.92875,0.92875,0.94125,0.936,0.007842194,215
0.073617458,0.031678787,0.80392518,0.080791272,brute,46,distance,"OrderedDict({'algorithm': 'brute', 'n_neighbors': 46, 'weights': 'distance'})",0.9325,0.94875,0.92875,0.9275,0.94,0.9355,0.007929376,222
0.304503107,0.017703562,7.83893137,1.699764428,ball_tree,8,uniform,"OrderedDict({'algorithm': 'ball_tree', 'n_neighbors': 8, 'weights': 'uniform'})",0.93375,0.9475,0.94375,0.92875,0.94,0.93875,0.006754628,177
0.093647861,0.028284113,0.852509451,0.163540668,brute,17,distance,"OrderedDict({'algorithm': 'brute', 'n_neighbors': 17, 'weights': 'distance'})",0.94625,0.95375,0.94625,0.94,0.94625,0.9465,0.004358899,30
0.401791191,0.061085805,8.85821228,1.36242086,kd_tree,14,distance,"OrderedDict({'algorithm': 'kd_tree', 'n_neighbors': 14, 'weights': 'distance'})",0.94625,0.955,0.94875,0.9425,0.95125,0.94875,0.004257347,1
0.072973299,0.019940963,0.747253466,0.147300131,brute,18,uniform,"OrderedDict({'algorithm': 'brute', 'n_neighbors': 18, 'weights': 'uniform'})",0.94625,0.9525,0.94,0.94125,0.9475,0.9455,0.004513868,54
0.251206541,0.007945983,8.742967319,0.760396837,ball_tree,4,uniform,"OrderedDict({'algorithm': 'ball_tree', 'n_neighbors': 4, 'weights': 'uniform'})",0.935,0.93,0.9175,0.91375,0.9275,0.92475,0.00792149,284
0.09818902,0.018543244,0.40998683,0.163037313,brute,7,distance,"OrderedDict({'algorithm': 'brute', 'n_neighbors': 7, 'weights': 'distance'})",0.92875,0.9425,0.94,0.93,0.94,0.93625,0.005700877,214
0.555968523,0.118203524,18.66434841,1.042331546,ball_tree,20,uniform,"OrderedDict({'algorithm': 'ball_tree', 'n_neighbors': 20, 'weights': 'uniform'})",0.94375,0.95125,0.93875,0.93875,0.9475,0.944,0.004898979,80
0.677491856,0.154338758,18.64652138,1.340861099,ball_tree,36,distance,"OrderedDict({'algorithm': 'ball_tree', 'n_neighbors': 36, 'weights': 'distance'})",0.93875,0.95,0.93375,0.92875,0.9425,0.93875,0.00728869,177
0.517198801,0.057476381,18.81078277,1.488969129,ball_tree,49,distance,"OrderedDict({'algorithm': 'ball_tree', 'n_neighbors': 49, 'weights': 'distance'})",0.9325,0.94625,0.9275,0.9275,0.93875,0.9345,0.007185054,250
0.481803942,0.095259013,19.28906212,0.850644089,ball_tree,28,distance,"OrderedDict({'algorithm': 'ball_tree', 'n_neighbors': 28, 'weights': 'distance'})",0.9425,0.9525,0.93625,0.935,0.94375,0.942,0.006254998,109
0.759104681,0.155357466,19.91012917,0.122723114,kd_tree,1,uniform,"OrderedDict({'algorithm': 'kd_tree', 'n_neighbors': 1, 'weights': 'uniform'})",0.865,0.88375,0.86375,0.84625,0.865,0.86475,0.011869077,293
0.643444014,0.159664866,19.00800729,1.263817256,ball_tree,42,uniform,"OrderedDict({'algorithm': 'ball_tree', 'n_neighbors': 42, 'weights': 'uniform'})",0.93125,0.94875,0.92875,0.9275,0.93625,0.9345,0.007729812,250
0.523295403,0.123795599,18.60202961,1.058614705,ball_tree,50,uniform,"OrderedDict({'algorithm': 'ball_tree', 'n_neighbors': 50, 'weights': 'uniform'})",0.9275,0.9475,0.925,0.9275,0.93625,0.93275,0.008306624,273
0.557247877,0.106661218,19.24718113,0.982922056,ball_tree,15,distance,"OrderedDict({'algorithm': 'ball_tree', 'n_neighbors': 15, 'weights': 'distance'})",0.94,0.95625,0.94875,0.94,0.9525,0.9475,0.006566963,13
0.124626398,0.050920184,0.571759367,0.307800288,auto,1,distance,"OrderedDict({'algorithm': 'auto', 'n_neighbors': 1, 'weights': 'distance'})",0.865,0.88375,0.86375,0.84625,0.865,0.86475,0.011869077,293
0.107147264,0.033726317,0.349848032,0.056464404,brute,32,distance,"OrderedDict({'algorithm': 'brute', 'n_neighbors': 32, 'weights': 'distance'})",0.93875,0.94875,0.93875,0.9325,0.9425,0.94025,0.005326819,152
0.110135937,0.024351113,0.334748363,0.042411707,brute,38,uniform,"OrderedDict({'algorithm': 'brute', 'n_neighbors': 38, 'weights': 'uniform'})",0.93375,0.94875,0.93125,0.92875,0.9375,0.936,0.007,215
0.109668827,0.040727333,0.340046406,0.04289318,brute,11,uniform,"OrderedDict({'algorithm': 'brute', 'n_neighbors': 11, 'weights': 'uniform'})",0.94,0.955,0.94625,0.94125,0.9475,0.946,0.005326819,38
0.580303621,0.022308229,6.820719385,0.09343371,kd_tree,21,distance,"OrderedDict({'algorithm': 'kd_tree', 'n_neighbors': 21, 'weights': 'distance'})",0.9425,0.9525,0.94125,0.93875,0.95,0.945,0.005303301,68
0.575355625,0.063422906,6.879049873,0.1039787,kd_tree,50,uniform,"OrderedDict({'algorithm': 'kd_tree', 'n_neighbors': 50, 'weights': 'uniform'})",0.9275,0.9475,0.925,0.9275,0.93625,0.93275,0.008306624,273
0.09521594,0.026037746,0.252138567,0.079294361,brute,26,distance,"OrderedDict({'algorithm': 'brute', 'n_neighbors': 26, 'weights': 'distance'})",0.9425,0.9525,0.9375,0.9325,0.94375,0.94175,0.006689544,120
0.103771544,0.025168284,0.354527426,0.06481906,auto,50,distance,"OrderedDict({'algorithm': 'auto', 'n_neighbors': 50, 'weights': 'distance'})",0.93125,0.9475,0.92875,0.9275,0.9375,0.9345,0.007356969,250
0.144658613,0.037399035,0.289147186,0.025224575,auto,50,uniform,"OrderedDict({'algorithm': 'auto', 'n_neighbors': 50, 'weights': 'uniform'})",0.9275,0.9475,0.925,0.9275,0.93625,0.93275,0.008306624,273
0.533760977,0.044034669,6.868540525,0.090801902,kd_tree,25,distance,"OrderedDict({'algorithm': 'kd_tree', 'n_neighbors': 25, 'weights': 'distance'})",0.9425,0.9525,0.94,0.93375,0.94375,0.9425,0.006072479,106
0.131366301,0.018073585,0.29983654,0.042005776,brute,1,uniform,"OrderedDict({'algorithm': 'brute', 'n_neighbors': 1, 'weights': 'uniform'})",0.865,0.88375,0.86375,0.84625,0.865,0.86475,0.011869077,293
0.58624568,0.03932945,16.33278446,0.81496471,ball_tree,32,uniform,"OrderedDict({'algorithm': 'ball_tree', 'n_neighbors': 32, 'weights': 'uniform'})",0.9375,0.9475,0.93625,0.92875,0.94,0.938,0.006051859,186
0.108449697,0.026755701,0.320022154,0.077046473,brute,29,uniform,"OrderedDict({'algorithm': 'brute', 'n_neighbors': 29, 'weights': 'uniform'})",0.94,0.94875,0.935,0.9325,0.94,0.93925,0.005567764,163
0.118124485,0.020074045,0.423244333,0.091055478,brute,23,uniform,"OrderedDict({'algorithm': 'brute', 'n_neighbors': 23, 'weights': 'uniform'})",0.94,0.9475,0.9375,0.93625,0.945,0.94125,0.004330127,130
0.590558052,0.06215072,15.84453301,0.662201933,ball_tree,12,distance,"OrderedDict({'algorithm': 'ball_tree', 'n_neighbors': 12, 'weights': 'distance'})",0.93875,0.96125,0.945,0.9425,0.95,0.9475,0.007786206,13
0.556957054,0.107911421,16.65113678,0.627064252,kd_tree,27,uniform,"OrderedDict({'algorithm': 'kd_tree', 'n_neighbors': 27, 'weights': 'uniform'})",0.94,0.95125,0.93625,0.9325,0.94125,0.94025,0.006294839,152
0.518233871,0.156220014,16.81883211,0.325360355,ball_tree,13,uniform,"OrderedDict({'algorithm': 'ball_tree', 'n_neighbors': 13, 'weights': 'uniform'})",0.94125,0.9575,0.945,0.93875,0.9475,0.946,0.006490377,46
0.680187559,0.112684177,16.6064002,0.503656401,ball_tree,40,distance,"OrderedDict({'algorithm': 'ball_tree', 'n_neighbors': 40, 'weights': 'distance'})",0.935,0.94875,0.93125,0.93,0.93875,0.93675,0.006736097,205
0.510974121,0.100296216,14.59887695,1.445314893,ball_tree,25,uniform,"OrderedDict({'algorithm': 'ball_tree', 'n_neighbors': 25, 'weights': 'uniform'})",0.94,0.95125,0.93625,0.93375,0.9425,0.94075,0.006051859,146
0.476580667,0.068552175,15.87581844,0.566842997,ball_tree,10,distance,"OrderedDict({'algorithm': 'ball_tree', 'n_neighbors': 10, 'weights': 'distance'})",0.93375,0.95125,0.945,0.93875,0.945,0.94275,0.005989574,103
0.145325089,0.023424587,0.299159527,0.094647018,auto,31,uniform,"OrderedDict({'algorithm': 'auto', 'n_neighbors': 31, 'weights': 'uniform'})",0.9375,0.94625,0.935,0.93,0.93875,0.9375,0.005303301,195
0.639547729,0.028969796,13.52159314,0.498832288,kd_tree,13,distance,"OrderedDict({'algorithm': 'kd_tree', 'n_neighbors': 13, 'weights': 'distance'})",0.9425,0.96,0.94625,0.9375,0.95,0.94725,0.007599342,21
0.096704817,0.017548614,0.352789593,0.039161388,auto,10,distance,"OrderedDict({'algorithm': 'auto', 'n_neighbors': 10, 'weights': 'distance'})",0.93375,0.95125,0.945,0.93875,0.945,0.94275,0.005989574,103
0.130085325,0.041392273,0.357136536,0.060373402,auto,12,distance,"OrderedDict({'algorithm': 'auto', 'n_neighbors': 12, 'weights': 'distance'})",0.93875,0.96125,0.945,0.9425,0.95,0.9475,0.007786206,13
0.088105392,0.013730049,0.302587318,0.09748922,auto,19,distance,"OrderedDict({'algorithm': 'auto', 'n_neighbors': 19, 'weights': 'distance'})",0.945,0.9525,0.94,0.94375,0.95,0.94625,0.004472136,34
0.490280247,0.049217585,12.52141199,1.11229209,kd_tree,11,distance,"OrderedDict({'algorithm': 'kd_tree', 'n_neighbors': 11, 'weights': 'distance'})",0.93875,0.9525,0.94875,0.93625,0.95,0.94525,0.006490377,62
0.52479744,0.056446502,12.97250376,0.473324227,kd_tree,41,distance,"OrderedDict({'algorithm': 'kd_tree', 'n_neighbors': 41, 'weights': 'distance'})",0.93375,0.94875,0.9325,0.92875,0.93875,0.9365,0.006910137,209
0.146974802,0.047513552,0.266533709,0.011029404,auto,18,distance,"OrderedDict({'algorithm': 'auto', 'n_neighbors': 18, 'weights': 'distance'})",0.94875,0.95375,0.94625,0.94375,0.95,0.9485,0.003391165,5
0.442568922,0.056557296,12.54589858,1.420866923,ball_tree,18,distance,"OrderedDict({'algorithm': 'ball_tree', 'n_neighbors': 18, 'weights': 'distance'})",0.94875,0.95375,0.94625,0.94375,0.95,0.9485,0.003391165,5
0.452234697,0.059843518,13.07961688,0.702830253,ball_tree,22,distance,"OrderedDict({'algorithm': 'ball_tree', 'n_neighbors': 22, 'weights': 'distance'})",0.94125,0.9525,0.93875,0.93875,0.94875,0.944,0.005612486,76
0.541538048,0.02739382,14.26706276,0.363520476,kd_tree,37,distance,"OrderedDict({'algorithm': 'kd_tree', 'n_neighbors': 37, 'weights': 'distance'})",0.9375,0.95,0.93125,0.93125,0.94,0.938,0.006919176,186
0.087988997,0.021463881,0.349947834,0.02498954,auto,6,uniform,"OrderedDict({'algorithm': 'auto', 'n_neighbors': 6, 'weights': 'uniform'})",0.94,0.9425,0.93625,0.925,0.94,0.93675,0.006204837,205
0.121570158,0.03877723,0.294538116,0.030628514,auto,14,distance,"OrderedDict({'algorithm': 'auto', 'n_neighbors': 14, 'weights': 'distance'})",0.94625,0.955,0.94875,0.9425,0.95125,0.94875,0.004257347,1
0.586496162,0.048308439,7.975307178,1.848843053,kd_tree,5,distance,"OrderedDict({'algorithm': 'kd_tree', 'n_neighbors': 5, 'weights': 'distance'})",0.93,0.9325,0.925,0.91375,0.9275,0.92575,0.0065,279
0.602869797,0.059964915,7.003325987,2.308646142,kd_tree,5,uniform,"OrderedDict({'algorithm': 'kd_tree', 'n_neighbors': 5, 'weights': 'uniform'})",0.9425,0.94375,0.93375,0.92,0.935,0.935,0.008477912,235
0.097836447,0.034206283,0.249911547,0.064124238,auto,47,uniform,"OrderedDict({'algorithm': 'auto', 'n_neighbors': 47, 'weights': 'uniform'})",0.93125,0.94625,0.9275,0.9275,0.93875,0.93425,0.00727152,259
0.561103344,0.068196926,8.868028545,0.028086031,kd_tree,33,distance,"OrderedDict({'algorithm': 'kd_tree', 'n_neighbors': 33, 'weights': 'distance'})",0.93875,0.9475,0.93375,0.93,0.94125,0.93825,0.006051859,181
0.113091755,0.047351969,0.344153643,0.027047206,brute,34,uniform,"OrderedDict({'algorithm': 'brute', 'n_neighbors': 34, 'weights': 'uniform'})",0.9375,0.9475,0.93375,0.92875,0.9375,0.937,0.006154267,198
0.139417553,0.048121627,0.286714983,0.031776139,brute,48,distance,"OrderedDict({'algorithm': 'brute', 'n_neighbors': 48, 'weights': 'distance'})",0.93125,0.94875,0.92875,0.9275,0.93875,0.935,0.007905694,235
0.104911852,0.024916918,0.266068363,0.0360292,auto,16,distance,"OrderedDict({'algorithm': 'auto', 'n_neighbors': 16, 'weights': 'distance'})",0.945,0.95625,0.94875,0.93875,0.95,0.94775,0.00577711,9
0.394286013,0.031498712,7.420040083,2.075999379,ball_tree,24,distance,"OrderedDict({'algorithm': 'ball_tree', 'n_neighbors': 24, 'weights': 'distance'})",0.9425,0.9525,0.94125,0.935,0.9475,0.94375,0.00591608,84
0.107167578,0.0232304,0.419707537,0.08420264,brute,14,distance,"OrderedDict({'algorithm': 'brute', 'n_neighbors': 14, 'weights': 'distance'})",0.94625,0.955,0.94875,0.9425,0.95125,0.94875,0.004257347,1
0.113397121,0.038608644,0.386277294,0.114322058,brute,45,uniform,"OrderedDict({'algorithm': 'brute', 'n_neighbors': 45, 'weights': 'uniform'})",0.92875,0.94875,0.92625,0.9275,0.9375,0.93375,0.008477912,265
0.612175512,0.040399258,7.877766562,0.659212616,kd_tree,36,uniform,"OrderedDict({'algorithm': 'kd_tree', 'n_neighbors': 36, 'weights': 'uniform'})",0.935,0.94625,0.93125,0.9275,0.9375,0.9355,0.006354133,222
0.597943449,0.095124755,7.021664429,2.153349226,kd_tree,44,uniform,"OrderedDict({'algorithm': 'kd_tree', 'n_neighbors': 44, 'weights': 'uniform'})",0.93,0.94875,0.92625,0.9275,0.93875,0.93425,0.008463155,259
0.107461023,0.017860496,0.327674007,0.04608406,brute,12,uniform,"OrderedDict({'algorithm': 'brute', 'n_neighbors': 12, 'weights': 'uniform'})",0.93875,0.9625,0.945,0.93875,0.94875,0.94675,0.008753571,26
0.401361322,0.101399552,7.239789152,1.037053185,ball_tree,16,uniform,"OrderedDict({'algorithm': 'ball_tree', 'n_neighbors': 16, 'weights': 'uniform'})",0.94125,0.955,0.945,0.935,0.9475,0.94475,0.00663325,73
0.161109161,0.044438047,0.366802788,0.049465285,auto,17,uniform,"OrderedDict({'algorithm': 'auto', 'n_neighbors': 17, 'weights': 'uniform'})",0.94375,0.95125,0.9425,0.9375,0.94375,0.94375,0.004401704,84
0.144194984,0.033567473,0.29072566,0.069429046,auto,21,uniform,"OrderedDict({'algorithm': 'auto', 'n_neighbors': 21, 'weights': 'uniform'})",0.93875,0.95125,0.93875,0.93625,0.95,0.943,0.00630476,96
0.573939466,0.068198452,7.841766024,0.69075802,kd_tree,40,uniform,"OrderedDict({'algorithm': 'kd_tree', 'n_neighbors': 40, 'weights': 'uniform'})",0.93375,0.94875,0.93125,0.9275,0.93375,0.935,0.007245688,235
0.126904917,0.0275319,0.28249321,0.073959715,auto,29,distance,"OrderedDict({'algorithm': 'auto', 'n_neighbors': 29, 'weights': 'distance'})",0.94375,0.95125,0.93625,0.9325,0.945,0.94175,0.006642665,120
0.537895203,0.040269771,17.30491738,0.49583395,kd_tree,10,uniform,"OrderedDict({'algorithm': 'kd_tree', 'n_neighbors': 10, 'weights': 'uniform'})",0.93625,0.95125,0.94,0.93625,0.945,0.94175,0.005733672,120
0.111377239,0.034250012,0.297873926,0.022363168,brute,20,distance,"OrderedDict({'algorithm': 'brute', 'n_neighbors': 20, 'weights': 'distance'})",0.945,0.9525,0.9425,0.94,0.94875,0.94575,0.004444097,50
0.601728678,0.057275423,17.00527678,0.462297346,kd_tree,19,distance,"OrderedDict({'algorithm': 'kd_tree', 'n_neighbors': 19, 'weights': 'distance'})",0.945,0.9525,0.94,0.94375,0.95,0.94625,0.004472136,34
0.588544464,0.055498352,17.46864309,0.452620353,kd_tree,16,distance,"OrderedDict({'algorithm': 'kd_tree', 'n_neighbors': 16, 'weights': 'distance'})",0.945,0.95625,0.94875,0.93875,0.95,0.94775,0.00577711,9
0.504662371,0.053727707,16.15655923,1.769413336,kd_tree,14,uniform,"OrderedDict({'algorithm': 'kd_tree', 'n_neighbors': 14, 'weights': 'uniform'})",0.94,0.955,0.9475,0.93875,0.94875,0.946,0.005989574,38
0.121506977,0.07862414,0.199995565,0.028521906,auto,11,uniform,"OrderedDict({'algorithm': 'auto', 'n_neighbors': 11, 'weights': 'uniform'})",0.94,0.955,0.94625,0.94125,0.9475,0.946,0.005326819,38
0.558862114,0.053790851,17.22333632,0.442506916,kd_tree,19,uniform,"OrderedDict({'algorithm': 'kd_tree', 'n_neighbors': 19, 'weights': 'uniform'})",0.9425,0.95125,0.93875,0.93875,0.94375,0.943,0.004582576,100
0.504769945,0.059122216,16.16176553,1.388885134,kd_tree,12,uniform,"OrderedDict({'algorithm': 'kd_tree', 'n_neighbors': 12, 'weights': 'uniform'})",0.93875,0.9625,0.945,0.93875,0.94875,0.94675,0.008753571,26
0.511904669,0.0773622,16.98948288,0.724964933,kd_tree,17,distance,"OrderedDict({'algorithm': 'kd_tree', 'n_neighbors': 17, 'weights': 'distance'})",0.94625,0.95375,0.94625,0.94,0.94625,0.9465,0.004358899,30
0.087189198,0.034434198,0.201909161,0.025950987,brute,9,uniform,"OrderedDict({'algorithm': 'brute', 'n_neighbors': 9, 'weights': 'uniform'})",0.9425,0.94375,0.94125,0.93625,0.94125,0.941,0.00254951,140
0.102293301,0.036857852,0.450294399,0.085864494,auto,23,distance,"OrderedDict({'algorithm': 'auto', 'n_neighbors': 23, 'weights': 'distance'})",0.94125,0.9525,0.94125,0.93625,0.9475,0.94375,0.005645795,84
0.08892684,0.011831278,0.418660784,0.076236157,brute,13,distance,"OrderedDict({'algorithm': 'brute', 'n_neighbors': 13, 'weights': 'distance'})",0.9425,0.96,0.94625,0.9375,0.95,0.94725,0.007599342,21
0.077623129,0.009066492,0.464652538,0.024726628,auto,27,distance,"OrderedDict({'algorithm': 'auto', 'n_neighbors': 27, 'weights': 'distance'})",0.9425,0.95125,0.93625,0.93375,0.9425,0.94125,0.006072479,133
0.103921509,0.018714021,0.343604517,0.088026227,auto,25,distance,"OrderedDict({'algorithm': 'auto', 'n_neighbors': 25, 'weights': 'distance'})",0.9425,0.9525,0.94,0.93375,0.94375,0.9425,0.006072479,106
0.112347078,0.013558892,0.424874163,0.055706804,auto,39,distance,"OrderedDict({'algorithm': 'auto', 'n_neighbors': 39, 'weights': 'distance'})",0.93625,0.95125,0.93125,0.93125,0.94125,0.93825,0.007483315,181
0.136903238,0.050808972,0.411512375,0.040617814,auto,24,distance,"OrderedDict({'algorithm': 'auto', 'n_neighbors': 24, 'weights': 'distance'})",0.9425,0.9525,0.94125,0.935,0.9475,0.94375,0.00591608,84
0.135595894,0.039054771,0.322234106,0.073354068,auto,26,distance,"OrderedDict({'algorithm': 'auto', 'n_neighbors': 26, 'weights': 'distance'})",0.9425,0.9525,0.9375,0.9325,0.94375,0.94175,0.006689544,120
0.147078705,0.053576431,0.379019356,0.049519815,auto,41,uniform,"OrderedDict({'algorithm': 'auto', 'n_neighbors': 41, 'weights': 'uniform'})",0.93375,0.9475,0.93125,0.92875,0.9325,0.93475,0.00658597,244
0.106766033,0.025760306,0.369181156,0.044765677,auto,38,uniform,"OrderedDict({'algorithm': 'auto', 'n_neighbors': 38, 'weights': 'uniform'})",0.93375,0.94875,0.93125,0.92875,0.9375,0.936,0.007,215
0.158075953,0.037368064,0.333337593,0.039651195,auto,40,uniform,"OrderedDict({'algorithm': 'auto', 'n_neighbors': 40, 'weights': 'uniform'})",0.93375,0.94875,0.93125,0.9275,0.93375,0.935,0.007245688,235
0.671853018,0.049574141,14.76620779,0.6865716,kd_tree,9,distance,"OrderedDict({'algorithm': 'kd_tree', 'n_neighbors': 9, 'weights': 'distance'})",0.93875,0.94375,0.9425,0.9375,0.9475,0.942,0.003588175,109
0.08768239,0.004638238,0.4233778,0.070029137,brute,43,distance,"OrderedDict({'algorithm': 'brute', 'n_neighbors': 43, 'weights': 'distance'})",0.935,0.94875,0.92875,0.92875,0.9375,0.93575,0.007356969,220
0.120639992,0.039479671,0.405449772,0.039082162,auto,8,distance,"OrderedDict({'algorithm': 'auto', 'n_neighbors': 8, 'weights': 'distance'})",0.93875,0.94375,0.94375,0.93375,0.94,0.94,0.003708099,160
0.585830784,0.081583093,14.05210767,0.696389621,ball_tree,30,distance,"OrderedDict({'algorithm': 'ball_tree', 'n_neighbors': 30, 'weights': 'distance'})",0.93875,0.9525,0.93875,0.9325,0.9425,0.941,0.00658597,140
0.14048543,0.048218344,0.426984215,0.101639696,brute,15,distance,"OrderedDict({'algorithm': 'brute', 'n_neighbors': 15, 'weights': 'distance'})",0.94,0.95625,0.94875,0.94,0.9525,0.9475,0.006566963,13
0.572642422,0.120302556,13.73856168,0.773139615,ball_tree,30,uniform,"OrderedDict({'algorithm': 'ball_tree', 'n_neighbors': 30, 'weights': 'uniform'})",0.93625,0.95125,0.9375,0.93125,0.93875,0.939,0.00663325,172
0.110070896,0.031925469,0.376923609,0.057535891,auto,43,uniform,"OrderedDict({'algorithm': 'auto', 'n_neighbors': 43, 'weights': 'uniform'})",0.9325,0.94875,0.9275,0.92875,0.93625,0.93475,0.007640353,244
0.585548735,0.08068222,14.20254264,0.757440351,ball_tree,38,distance,"OrderedDict({'algorithm': 'ball_tree', 'n_neighbors': 38, 'weights': 'distance'})",0.935,0.95,0.9325,0.93,0.94,0.9375,0.007071068,195
0.499569654,0.089599258,13.57300653,0.525131815,ball_tree,48,uniform,"OrderedDict({'algorithm': 'ball_tree', 'n_neighbors': 48, 'weights': 'uniform'})",0.93,0.94625,0.92625,0.9275,0.93625,0.93325,0.007356969,267
0.519403315,0.06525321,14.62254224,0.177728554,ball_tree,47,uniform,"OrderedDict({'algorithm': 'ball_tree', 'n_neighbors': 47, 'weights': 'uniform'})",0.93125,0.94625,0.9275,0.9275,0.93875,0.93425,0.00727152,259
0.602634573,0.081913487,16.93077097,0.516878049,kd_tree,24,uniform,"OrderedDict({'algorithm': 'kd_tree', 'n_neighbors': 24, 'weights': 'uniform'})",0.94,0.95125,0.93875,0.93375,0.9425,0.94125,0.005755432,133
0.081737185,0.004665661,0.323191595,0.065535996,brute,24,uniform,"OrderedDict({'algorithm': 'brute', 'n_neighbors': 24, 'weights': 'uniform'})",0.94,0.95125,0.93875,0.93375,0.9425,0.94125,0.005755432,133
0.100793695,0.025756503,0.378493595,0.047360897,auto,28,uniform,"OrderedDict({'algorithm': 'auto', 'n_neighbors': 28, 'weights': 'uniform'})",0.94125,0.94875,0.93625,0.93125,0.93875,0.93925,0.005787918,163
0.53264184,0.079701895,16.25631642,0.900133086,kd_tree,22,uniform,"OrderedDict({'algorithm': 'kd_tree', 'n_neighbors': 22, 'weights': 'uniform'})",0.9375,0.95125,0.93875,0.93625,0.94625,0.942,0.005787918,109
0.485720682,0.069372997,15.40292077,0.793028496,ball_tree,34,distance,"OrderedDict({'algorithm': 'ball_tree', 'n_neighbors': 34, 'weights': 'distance'})",0.94,0.94875,0.935,0.93125,0.94125,0.93925,0.005947689,163
0.128248501,0.042994264,0.296903229,0.069071426,auto,13,uniform,"OrderedDict({'algorithm': 'auto', 'n_neighbors': 13, 'weights': 'uniform'})",0.94125,0.9575,0.945,0.93875,0.9475,0.946,0.006490377,46
0.509873819,0.120273714,16.27904568,1.35590273,ball_tree,35,uniform,"OrderedDict({'algorithm': 'ball_tree', 'n_neighbors': 35, 'weights': 'uniform'})",0.93625,0.9475,0.93125,0.9275,0.9375,0.936,0.006773109,215
0.575526524,0.130616051,16.55667691,0.653089342,ball_tree,19,distance,"OrderedDict({'algorithm': 'ball_tree', 'n_neighbors': 19, 'weights': 'distance'})",0.945,0.9525,0.94,0.94375,0.95,0.94625,0.004472136,34
0.484139395,0.020805329,16.067665,1.543854827,ball_tree,11,uniform,"OrderedDict({'algorithm': 'ball_tree', 'n_neighbors': 11, 'weights': 'uniform'})",0.94,0.955,0.94625,0.94125,0.9475,0.946,0.005326819,38
0.60031476,0.075233385,16.49213324,0.737514463,kd_tree,22,distance,"OrderedDict({'algorithm': 'kd_tree', 'n_neighbors': 22, 'weights': 'distance'})",0.94125,0.9525,0.93875,0.93875,0.94875,0.944,0.005612486,76
0.55902977,0.038697004,6.843901014,0.284469461,kd_tree,3,distance,"OrderedDict({'algorithm': 'kd_tree', 'n_neighbors': 3, 'weights': 'distance'})",0.90125,0.90625,0.90125,0.88875,0.91,0.9015,0.00717635,290
0.095735216,0.003967995,0.33780632,0.026934746,auto,3,uniform,"OrderedDict({'algorithm': 'auto', 'n_neighbors': 3, 'weights': 'uniform'})",0.9175,0.9175,0.91375,0.9125,0.93125,0.9185,0.006680195,286
0.43624649,0.037633536,6.49982152,0.357371332,ball_tree,2,distance,"OrderedDict({'algorithm': 'ball_tree', 'n_neighbors': 2, 'weights': 'distance'})",0.865,0.88375,0.86375,0.84625,0.865,0.86475,0.011869077,293
0.52072525,0.046275944,6.798404312,0.224493501,kd_tree,2,distance,"OrderedDict({'algorithm': 'kd_tree', 'n_neighbors': 2, 'weights': 'distance'})",0.865,0.88375,0.86375,0.84625,0.865,0.86475,0.011869077,293
0.083479166,0.007051564,0.252323914,0.049772128,auto,2,distance,"OrderedDict({'algorithm': 'auto', 'n_neighbors': 2, 'weights': 'distance'})",0.865,0.88375,0.86375,0.84625,0.865,0.86475,0.011869077,293
0.083318424,0.015124328,0.21446619,0.017231214,brute,2,distance,"OrderedDict({'algorithm': 'brute', 'n_neighbors': 2, 'weights': 'distance'})",0.865,0.88375,0.86375,0.84625,0.865,0.86475,0.011869077,293
0.082358313,0.019283383,0.273802853,0.044833013,auto,3,distance,"OrderedDict({'algorithm': 'auto', 'n_neighbors': 3, 'weights': 'distance'})",0.90125,0.90625,0.90125,0.88875,0.91,0.9015,0.00717635,290
0.114622641,0.024341393,0.213800859,0.031719117,auto,15,distance,"OrderedDict({'algorithm': 'auto', 'n_neighbors': 15, 'weights': 'distance'})",0.94,0.95625,0.94875,0.94,0.9525,0.9475,0.006566963,13
0.089727449,0.02620175,0.214943314,0.037423075,auto,2,uniform,"OrderedDict({'algorithm': 'auto', 'n_neighbors': 2, 'weights': 'uniform'})",0.91125,0.90125,0.89875,0.88875,0.90375,0.90075,0.007314369,292
0.080500603,0.007794641,0.209543753,0.012895182,auto,20,distance,"OrderedDict({'algorithm': 'auto', 'n_neighbors': 20, 'weights': 'distance'})",0.945,0.9525,0.9425,0.94,0.94875,0.94575,0.004444097,50
0.106338501,0.029002552,0.423199844,0.089557373,auto,26,uniform,"OrderedDict({'algorithm': 'auto', 'n_neighbors': 26, 'weights': 'uniform'})",0.94125,0.94875,0.93625,0.9325,0.9425,0.94025,0.005556528,152
0.660016203,0.049637897,10.35421972,2.054290165,ball_tree,26,uniform,"OrderedDict({'algorithm': 'ball_tree', 'n_neighbors': 26, 'weights': 'uniform'})",0.94125,0.94875,0.93625,0.9325,0.9425,0.94025,0.005556528,152
0.104816818,0.022213179,0.424492502,0.090136381,auto,33,uniform,"OrderedDict({'algorithm': 'auto', 'n_neighbors': 33, 'weights': 'uniform'})",0.93625,0.94625,0.93375,0.93,0.93875,0.937,0.005454356,198
0.517295074,0.075916188,9.726008034,0.970393981,ball_tree,39,uniform,"OrderedDict({'algorithm': 'ball_tree', 'n_neighbors': 39, 'weights': 'uniform'})",0.93375,0.95,0.93125,0.93,0.9375,0.9365,0.007219765,209
0.670375347,0.015886077,10.2546669,1.250538867,kd_tree,7,uniform,"OrderedDict({'algorithm': 'kd_tree', 'n_neighbors': 7, 'weights': 'uniform'})",0.93625,0.945,0.93875,0.93125,0.94375,0.939,0.005024938,172
0.665828848,0.037593555,10.95588217,1.327431518,kd_tree,45,distance,"OrderedDict({'algorithm': 'kd_tree', 'n_neighbors': 45, 'weights': 'distance'})",0.93125,0.94875,0.9275,0.9275,0.94,0.935,0.008253787,230
0.16845727,0.034570641,0.285958147,0.077874706,brute,7,uniform,"OrderedDict({'algorithm': 'brute', 'n_neighbors': 7, 'weights': 'uniform'})",0.93625,0.945,0.93875,0.93125,0.94375,0.939,0.005024938,172
0.164290762,0.053910754,0.356123018,0.031432512,auto,42,distance,"OrderedDict({'algorithm': 'auto', 'n_neighbors': 42, 'weights': 'distance'})",0.935,0.94875,0.93,0.93,0.93875,0.9365,0.006955214,209
0.128819275,0.047607163,0.373418617,0.076049259,brute,49,uniform,"OrderedDict({'algorithm': 'brute', 'n_neighbors': 49, 'weights': 'uniform'})",0.92875,0.9475,0.92625,0.92625,0.93625,0.933,0.008124038,271
0.546390724,0.029436616,9.928286219,1.378792901,ball_tree,45,distance,"OrderedDict({'algorithm': 'ball_tree', 'n_neighbors': 45, 'weights': 'distance'})",0.93125,0.94875,0.9275,0.9275,0.94,0.935,0.008253787,230
0.55180831,0.097670486,13.70234833,1.266689592,ball_tree,47,distance,"OrderedDict({'algorithm': 'ball_tree', 'n_neighbors': 47, 'weights': 'distance'})",0.9325,0.9475,0.92875,0.9275,0.94,0.93525,0.007516648,227
0.547613239,0.040752749,14.31473274,0.575468889,ball_tree,37,uniform,"OrderedDict({'algorithm': 'ball_tree', 'n_neighbors': 37, 'weights': 'uniform'})",0.9325,0.94875,0.93125,0.9275,0.935,0.935,0.00728869,230
0.708757305,0.075274143,13.95027122,0.771672706,kd_tree,47,distance,"OrderedDict({'algorithm': 'kd_tree', 'n_neighbors': 47, 'weights': 'distance'})",0.9325,0.9475,0.92875,0.9275,0.94,0.93525,0.007516648,227
0.552367496,0.082727484,13.95814462,0.901828556,ball_tree,6,distance,"OrderedDict({'algorithm': 'ball_tree', 'n_neighbors': 6, 'weights': 'distance'})",0.93375,0.93375,0.9325,0.925,0.93625,0.93225,0.003824265,277
0.581986046,0.047405153,13.9839489,0.565178238,kd_tree,46,uniform,"OrderedDict({'algorithm': 'kd_tree', 'n_neighbors': 46, 'weights': 'uniform'})",0.93125,0.9475,0.9275,0.9275,0.93875,0.9345,0.007689278,250
0.131511116,0.027770778,0.42756424,0.147525144,brute,4,distance,"OrderedDict({'algorithm': 'brute', 'n_neighbors': 4, 'weights': 'distance'})",0.91625,0.9125,0.91375,0.9025,0.91875,0.91275,0.005556528,287
0.612100458,0.094663729,14.29872756,0.462983438,kd_tree,37,uniform,"OrderedDict({'algorithm': 'kd_tree', 'n_neighbors': 37, 'weights': 'uniform'})",0.9325,0.94875,0.93125,0.9275,0.935,0.935,0.00728869,230
0.135054255,0.031720212,0.267120361,0.081957028,brute,32,uniform,"OrderedDict({'algorithm': 'brute', 'n_neighbors': 32, 'weights': 'uniform'})",0.9375,0.9475,0.93625,0.92875,0.94,0.938,0.006051859,186
0.151236296,0.013807019,0.300134325,0.039970431,brute,18,distance,"OrderedDict({'algorithm': 'brute', 'n_neighbors': 18, 'weights': 'distance'})",0.94875,0.95375,0.94625,0.94375,0.95,0.9485,0.003391165,5
0.118382692,0.043228988,0.303003216,0.111560588,brute,6,distance,"OrderedDict({'algorithm': 'brute', 'n_neighbors': 6, 'weights': 'distance'})",0.93375,0.93375,0.9325,0.925,0.93625,0.93225,0.003824265,277
0.525713205,0.031019697,3.762008905,0.0809426,ball_tree,14,distance,"OrderedDict({'algorithm': 'ball_tree', 'n_neighbors': 14, 'weights': 'distance'})",0.94625,0.955,0.94875,0.9425,0.95125,0.94875,0.004257347,1
0.655902004,0.028715083,4.307166433,0.081316028,kd_tree,49,uniform,"OrderedDict({'algorithm': 'kd_tree', 'n_neighbors': 49, 'weights': 'uniform'})",0.92875,0.9475,0.92625,0.92625,0.93625,0.933,0.008124038,271
0.093001461,0.018854854,0.429820728,0.017590985,brute,14,uniform,"OrderedDict({'algorithm': 'brute', 'n_neighbors': 14, 'weights': 'uniform'})",0.94,0.955,0.9475,0.93875,0.94875,0.946,0.005989574,38
0.117456436,0.032638578,0.371427011,0.080456061,brute,16,uniform,"OrderedDict({'algorithm': 'brute', 'n_neighbors': 16, 'weights': 'uniform'})",0.94125,0.955,0.945,0.935,0.9475,0.94475,0.00663325,73
0.089211988,0.02317914,0.350854111,0.048674723,brute,15,uniform,"OrderedDict({'algorithm': 'brute', 'n_neighbors': 15, 'weights': 'uniform'})",0.9425,0.95375,0.94375,0.9375,0.95,0.9455,0.005733672,54
0.122629738,0.029356652,0.350402927,0.061712507,brute,11,distance,"OrderedDict({'algorithm': 'brute', 'n_neighbors': 11, 'weights': 'distance'})",0.93875,0.9525,0.94875,0.93625,0.95,0.94525,0.006490377,62
0.126824951,0.02947066,0.336608458,0.057431684,brute,22,distance,"OrderedDict({'algorithm': 'brute', 'n_neighbors': 22, 'weights': 'distance'})",0.94125,0.9525,0.93875,0.93875,0.94875,0.944,0.005612486,76
0.096566772,0.014922725,0.313935471,0.06438652,brute,20,uniform,"OrderedDict({'algorithm': 'brute', 'n_neighbors': 20, 'weights': 'uniform'})",0.94375,0.95125,0.93875,0.93875,0.9475,0.944,0.004898979,80
0.181513405,0.021170919,0.333895588,0.01488882,auto,13,distance,"OrderedDict({'algorithm': 'auto', 'n_neighbors': 13, 'weights': 'distance'})",0.9425,0.96,0.94625,0.9375,0.95,0.94725,0.007599342,21
0.137230349,0.037866899,0.307212591,0.044740419,brute,24,distance,"OrderedDict({'algorithm': 'brute', 'n_neighbors': 24, 'weights': 'distance'})",0.9425,0.9525,0.94125,0.935,0.9475,0.94375,0.00591608,84
0.610563755,0.069486996,23.17185454,1.11395872,kd_tree,11,distance,"OrderedDict({'algorithm': 'kd_tree', 'n_neighbors': 11, 'weights': 'distance'})",0.93875,0.9525,0.94875,0.93625,0.95,0.94525,0.006490377,62
0.587701225,0.064708149,23.92832003,0.976933727,kd_tree,18,uniform,"OrderedDict({'algorithm': 'kd_tree', 'n_neighbors': 18, 'weights': 'uniform'})",0.94625,0.9525,0.94,0.94125,0.9475,0.9455,0.004513868,54
0.141853857,0.045819513,0.255873919,0.051635707,auto,21,distance,"OrderedDict({'algorithm': 'auto', 'n_neighbors': 21, 'weights': 'distance'})",0.9425,0.9525,0.94125,0.93875,0.95,0.945,0.005303301,68
0.618021345,0.113221026,24.50243449,0.972487555,kd_tree,18,distance,"OrderedDict({'algorithm': 'kd_tree', 'n_neighbors': 18, 'weights': 'distance'})",0.94875,0.95375,0.94625,0.94375,0.95,0.9485,0.003391165,5
0.604812574,0.059955136,24.30936127,1.196820357,kd_tree,12,distance,"OrderedDict({'algorithm': 'kd_tree', 'n_neighbors': 12, 'weights': 'distance'})",0.93875,0.96125,0.945,0.9425,0.95,0.9475,0.007786206,13
0.637205982,0.053978911,24.50922332,0.85632888,kd_tree,17,uniform,"OrderedDict({'algorithm': 'kd_tree', 'n_neighbors': 17, 'weights': 'uniform'})",0.94375,0.95125,0.9425,0.9375,0.94375,0.94375,0.004401704,84
0.586211586,0.046186055,24.49635658,1.189438109,kd_tree,16,uniform,"OrderedDict({'algorithm': 'kd_tree', 'n_neighbors': 16, 'weights': 'uniform'})",0.94125,0.955,0.945,0.935,0.9475,0.94475,0.00663325,73
0.640749788,0.12866883,25.22483883,0.377064813,kd_tree,28,distance,"OrderedDict({'algorithm': 'kd_tree', 'n_neighbors': 28, 'weights': 'distance'})",0.9425,0.9525,0.93625,0.935,0.94375,0.942,0.006254998,109
0.603914499,0.089408758,24.08230772,0.98166472,kd_tree,29,distance,"OrderedDict({'algorithm': 'kd_tree', 'n_neighbors': 29, 'weights': 'distance'})",0.94375,0.95125,0.93625,0.9325,0.945,0.94175,0.006642665,120
0.530406666,0.073229221,24.336059,1.324321638,kd_tree,29,uniform,"OrderedDict({'algorithm': 'kd_tree', 'n_neighbors': 29, 'weights': 'uniform'})",0.94,0.94875,0.935,0.9325,0.94,0.93925,0.005567764,163
0.553802299,0.031091343,14.65438566,1.054921857,kd_tree,48,distance,"OrderedDict({'algorithm': 'kd_tree', 'n_neighbors': 48, 'weights': 'distance'})",0.93125,0.94875,0.92875,0.9275,0.93875,0.935,0.007905694,235
0.585127926,0.042405867,14.0398294,0.416506631,kd_tree,20,uniform,"OrderedDict({'algorithm': 'kd_tree', 'n_neighbors': 20, 'weights': 'uniform'})",0.94375,0.95125,0.93875,0.93875,0.9475,0.944,0.004898979,80
0.605978107,0.02689247,14.79661512,1.253234696,kd_tree,15,distance,"OrderedDict({'algorithm': 'kd_tree', 'n_neighbors': 15, 'weights': 'distance'})",0.94,0.95625,0.94875,0.94,0.9525,0.9475,0.006566963,13
0.616425753,0.050950976,14.6816833,0.272029757,kd_tree,21,uniform,"OrderedDict({'algorithm': 'kd_tree', 'n_neighbors': 21, 'weights': 'uniform'})",0.93875,0.95125,0.93875,0.93625,0.95,0.943,0.00630476,96
0.559460783,0.022960745,15.41461954,0.451826886,kd_tree,49,distance,"OrderedDict({'algorithm': 'kd_tree', 'n_neighbors': 49, 'weights': 'distance'})",0.9325,0.94625,0.9275,0.9275,0.93875,0.9345,0.007185054,250
0.109436512,0.033496989,0.271136951,0.039728428,auto,17,distance,"OrderedDict({'algorithm': 'auto', 'n_neighbors': 17, 'weights': 'distance'})",0.94625,0.95375,0.94625,0.94,0.94625,0.9465,0.004358899,30
0.150883436,0.044612863,0.219836521,0.023113496,auto,19,uniform,"OrderedDict({'algorithm': 'auto', 'n_neighbors': 19, 'weights': 'uniform'})",0.9425,0.95125,0.93875,0.93875,0.94375,0.943,0.004582576,100
0.553167725,0.046936619,14.9161808,0.491320012,kd_tree,50,distance,"OrderedDict({'algorithm': 'kd_tree', 'n_neighbors': 50, 'weights': 'distance'})",0.93125,0.9475,0.92875,0.9275,0.9375,0.9345,0.007356969,250
0.15250802,0.024845929,0.227979565,0.027497549,auto,10,distance,"OrderedDict({'algorithm': 'auto', 'n_neighbors': 10, 'weights': 'distance'})",0.93375,0.95125,0.945,0.93875,0.945,0.94275,0.005989574,103
0.123428202,0.02939243,0.233346176,0.019185582,auto,10,uniform,"OrderedDict({'algorithm': 'auto', 'n_neighbors': 10, 'weights': 'uniform'})",0.93625,0.95125,0.94,0.93625,0.945,0.94175,0.005733672,120
0.698392296,0.116504497,26.23959789,0.859494811,ball_tree,25,distance,"OrderedDict({'algorithm': 'ball_tree', 'n_neighbors': 25, 'weights': 'distance'})",0.9425,0.9525,0.94,0.93375,0.94375,0.9425,0.006072479,106
0.727684498,0.151760458,26.77188573,0.296313667,ball_tree,16,distance,"OrderedDict({'algorithm': 'ball_tree', 'n_neighbors': 16, 'weights': 'distance'})",0.945,0.95625,0.94875,0.93875,0.95,0.94775,0.00577711,9
0.852715445,0.185646551,27.1466301,0.424683812,ball_tree,18,uniform,"OrderedDict({'algorithm': 'ball_tree', 'n_neighbors': 18, 'weights': 'uniform'})",0.94625,0.9525,0.94,0.94125,0.9475,0.9455,0.004513868,54
0.645926237,0.092179526,27.59179659,0.114344674,ball_tree,14,uniform,"OrderedDict({'algorithm': 'ball_tree', 'n_neighbors': 14, 'weights': 'uniform'})",0.94,0.955,0.9475,0.93875,0.94875,0.946,0.005989574,38
0.454650688,0.078176319,26.18795805,0.390646838,ball_tree,26,distance,"OrderedDict({'algorithm': 'ball_tree', 'n_neighbors': 26, 'weights': 'distance'})",0.9425,0.9525,0.9375,0.9325,0.94375,0.94175,0.006689544,120
0.450383186,0.100695333,25.39513707,0.950594413,ball_tree,20,distance,"OrderedDict({'algorithm': 'ball_tree', 'n_neighbors': 20, 'weights': 'distance'})",0.945,0.9525,0.9425,0.94,0.94875,0.94575,0.004444097,50
0.630441952,0.073342356,26.76293788,0.430421238,ball_tree,22,uniform,"OrderedDict({'algorithm': 'ball_tree', 'n_neighbors': 22, 'weights': 'uniform'})",0.9375,0.95125,0.93875,0.93625,0.94625,0.942,0.005787918,109
0.647284603,0.179615476,26.90822973,0.822918158,ball_tree,23,uniform,"OrderedDict({'algorithm': 'ball_tree', 'n_neighbors': 23, 'weights': 'uniform'})",0.94,0.9475,0.9375,0.93625,0.945,0.94125,0.004330127,130
0.585515404,0.179980764,26.65686092,0.925385365,ball_tree,32,distance,"OrderedDict({'algorithm': 'ball_tree', 'n_neighbors': 32, 'weights': 'distance'})",0.93875,0.94875,0.93875,0.9325,0.9425,0.94025,0.005326819,152
0.572272873,0.117434364,25.80716219,1.647980644,ball_tree,31,distance,"OrderedDict({'algorithm': 'ball_tree', 'n_neighbors': 31, 'weights': 'distance'})",0.94,0.95125,0.93625,0.9325,0.94375,0.94075,0.006451744,146
0.089167356,0.013556787,0.340877438,0.075323552,auto,20,uniform,"OrderedDict({'algorithm': 'auto', 'n_neighbors': 20, 'weights': 'uniform'})",0.94375,0.95125,0.93875,0.93875,0.9475,0.944,0.004898979,80
0.084822893,0.010030796,0.405374575,0.026709675,auto,32,distance,"OrderedDict({'algorithm': 'auto', 'n_neighbors': 32, 'weights': 'distance'})",0.93875,0.94875,0.93875,0.9325,0.9425,0.94025,0.005326819,152
0.102937937,0.008670822,0.41853404,0.034764088,auto,31,distance,"OrderedDict({'algorithm': 'auto', 'n_neighbors': 31, 'weights': 'distance'})",0.94,0.95125,0.93625,0.9325,0.94375,0.94075,0.006451744,146
0.087090683,0.032787114,0.357152462,0.073372134,auto,12,uniform,"OrderedDict({'algorithm': 'auto', 'n_neighbors': 12, 'weights': 'uniform'})",0.93875,0.9625,0.945,0.93875,0.94875,0.94675,0.008753571,26
0.098108006,0.046328128,0.278289413,0.104701334,auto,23,uniform,"OrderedDict({'algorithm': 'auto', 'n_neighbors': 23, 'weights': 'uniform'})",0.94,0.9475,0.9375,0.93625,0.945,0.94125,0.004330127,130
0.162201643,0.037763976,0.319194174,0.054390263,auto,24,uniform,"OrderedDict({'algorithm': 'auto', 'n_neighbors': 24, 'weights': 'uniform'})",0.94,0.95125,0.93875,0.93375,0.9425,0.94125,0.005755432,133
0.083975124,0.016369034,0.293230343,0.076740973,auto,8,uniform,"OrderedDict({'algorithm': 'auto', 'n_neighbors': 8, 'weights': 'uniform'})",0.93375,0.9475,0.94375,0.92875,0.94,0.93875,0.006754628,177
0.162948561,0.021220234,0.293156862,0.023446031,auto,37,distance,"OrderedDict({'algorithm': 'auto', 'n_neighbors': 37, 'weights': 'distance'})",0.9375,0.95,0.93125,0.93125,0.94,0.938,0.006919176,186
0.124800682,0.018117597,0.266704845,0.039525741,auto,9,uniform,"OrderedDict({'algorithm': 'auto', 'n_neighbors': 9, 'weights': 'uniform'})",0.9425,0.94375,0.94125,0.93625,0.94125,0.941,0.00254951,140
0.105187321,0.036197609,0.281503868,0.02181156,auto,36,uniform,"OrderedDict({'algorithm': 'auto', 'n_neighbors': 36, 'weights': 'uniform'})",0.935,0.94625,0.93125,0.9275,0.9375,0.9355,0.006354133,222
0.113138103,0.039941548,0.446345997,0.062468392,brute,13,distance,"OrderedDict({'algorithm': 'brute', 'n_neighbors': 13, 'weights': 'distance'})",0.9425,0.96,0.94625,0.9375,0.95,0.94725,0.007599342,21
0.087238312,0.014048594,0.515841341,0.102729605,auto,25,uniform,"OrderedDict({'algorithm': 'auto', 'n_neighbors': 25, 'weights': 'uniform'})",0.94,0.95125,0.93625,0.93375,0.9425,0.94075,0.006051859,146
0.593063688,0.021160251,8.802132416,0.369450519,ball_tree,13,distance,"OrderedDict({'algorithm': 'ball_tree', 'n_neighbors': 13, 'weights': 'distance'})",0.9425,0.96,0.94625,0.9375,0.95,0.94725,0.007599342,21
0.637343121,0.059021709,7.966476011,2.088586945,ball_tree,12,uniform,"OrderedDict({'algorithm': 'ball_tree', 'n_neighbors': 12, 'weights': 'uniform'})",0.93875,0.9625,0.945,0.93875,0.94875,0.94675,0.008753571,26
0.639633417,0.075206278,6.376091909,2.161105503,ball_tree,17,distance,"OrderedDict({'algorithm': 'ball_tree', 'n_neighbors': 17, 'weights': 'distance'})",0.94625,0.95375,0.94625,0.94,0.94625,0.9465,0.004358899,30
0.584060621,0.039676529,8.989817619,0.137129533,ball_tree,28,uniform,"OrderedDict({'algorithm': 'ball_tree', 'n_neighbors': 28, 'weights': 'uniform'})",0.94125,0.94875,0.93625,0.93125,0.93875,0.93925,0.005787918,163
0.173873997,0.076297576,0.411001492,0.105125593,auto,14,uniform,"OrderedDict({'algorithm': 'auto', 'n_neighbors': 14, 'weights': 'uniform'})",0.94,0.955,0.9475,0.93875,0.94875,0.946,0.005989574,38
0.159777451,0.010266346,0.441389704,0.159594391,auto,22,distance,"OrderedDict({'algorithm': 'auto', 'n_neighbors': 22, 'weights': 'distance'})",0.94125,0.9525,0.93875,0.93875,0.94875,0.944,0.005612486,76
0.138206863,0.054756694,0.368084335,0.066939845,auto,34,distance,"OrderedDict({'algorithm': 'auto', 'n_neighbors': 34, 'weights': 'distance'})",0.94,0.94875,0.935,0.93125,0.94125,0.93925,0.005947689,163
0.12207427,0.049204734,0.367271757,0.050931361,auto,34,uniform,"OrderedDict({'algorithm': 'auto', 'n_neighbors': 34, 'weights': 'uniform'})",0.9375,0.9475,0.93375,0.92875,0.9375,0.937,0.006154267,198
0.103329515,0.028435897,0.362257099,0.053596665,auto,18,uniform,"OrderedDict({'algorithm': 'auto', 'n_neighbors': 18, 'weights': 'uniform'})",0.94625,0.9525,0.94,0.94125,0.9475,0.9455,0.004513868,54
0.091717863,0.019715691,0.419857407,0.031845925,auto,11,distance,"OrderedDict({'algorithm': 'auto', 'n_neighbors': 11, 'weights': 'distance'})",0.93875,0.9525,0.94875,0.93625,0.95,0.94525,0.006490377,62
0.597934771,0.030784872,2.981417561,0.035812015,kd_tree,8,distance,"OrderedDict({'algorithm': 'kd_tree', 'n_neighbors': 8, 'weights': 'distance'})",0.93875,0.94375,0.94375,0.93375,0.94,0.94,0.003708099,160
0.103081131,0.025595291,0.365440607,0.071249551,auto,30,uniform,"OrderedDict({'algorithm': 'auto', 'n_neighbors': 30, 'weights': 'uniform'})",0.93625,0.95125,0.9375,0.93125,0.93875,0.939,0.00663325,172
0.097785568,0.040194868,0.295573902,0.045285551,auto,46,distance,"OrderedDict({'algorithm': 'auto', 'n_neighbors': 46, 'weights': 'distance'})",0.9325,0.94875,0.92875,0.9275,0.94,0.9355,0.007929376,222
0.107073402,0.049983381,0.309522772,0.041791035,auto,45,uniform,"OrderedDict({'algorithm': 'auto', 'n_neighbors': 45, 'weights': 'uniform'})",0.92875,0.94875,0.92625,0.9275,0.9375,0.93375,0.008477912,265
0.136106586,0.042698325,0.337637424,0.027503083,auto,45,distance,"OrderedDict({'algorithm': 'auto', 'n_neighbors': 45, 'weights': 'distance'})",0.93125,0.94875,0.9275,0.9275,0.94,0.935,0.008253787,230
0.118438768,0.037760398,0.314707661,0.073799723,auto,48,distance,"OrderedDict({'algorithm': 'auto', 'n_neighbors': 48, 'weights': 'distance'})",0.93125,0.94875,0.92875,0.9275,0.93875,0.935,0.007905694,235
0.085308886,0.031094257,0.305882263,0.058745896,auto,47,distance,"OrderedDict({'algorithm': 'auto', 'n_neighbors': 47, 'weights': 'distance'})",0.9325,0.9475,0.92875,0.9275,0.94,0.93525,0.007516648,227
0.124795198,0.024871861,0.268884802,0.047017581,auto,29,uniform,"OrderedDict({'algorithm': 'auto', 'n_neighbors': 29, 'weights': 'uniform'})",0.94,0.94875,0.935,0.9325,0.94,0.93925,0.005567764,163
0.090152216,0.01485806,0.419398308,0.08827387,brute,42,uniform,"OrderedDict({'algorithm': 'brute', 'n_neighbors': 42, 'weights': 'uniform'})",0.93125,0.94875,0.92875,0.9275,0.93625,0.9345,0.007729812,250
0.114131212,0.032259577,0.459182358,0.044630242,brute,41,distance,"OrderedDict({'algorithm': 'brute', 'n_neighbors': 41, 'weights': 'distance'})",0.93375,0.94875,0.9325,0.92875,0.93875,0.9365,0.006910137,209
0.132694387,0.034441309,0.442843628,0.034201385,brute,41,uniform,"OrderedDict({'algorithm': 'brute', 'n_neighbors': 41, 'weights': 'uniform'})",0.93375,0.9475,0.93125,0.92875,0.9325,0.93475,0.00658597,244
0.125387001,0.007169091,0.428111601,0.052569942,brute,16,distance,"OrderedDict({'algorithm': 'brute', 'n_neighbors': 16, 'weights': 'distance'})",0.945,0.95625,0.94875,0.93875,0.95,0.94775,0.00577711,9
0.117370558,0.017479007,0.437473774,0.065962118,brute,28,distance,"OrderedDict({'algorithm': 'brute', 'n_neighbors': 28, 'weights': 'distance'})",0.9425,0.9525,0.93625,0.935,0.94375,0.942,0.006254998,109
0.07624259,0.002097046,0.33831296,0.101326787,brute,30,distance,"OrderedDict({'algorithm': 'brute', 'n_neighbors': 30, 'weights': 'distance'})",0.93875,0.9525,0.93875,0.9325,0.9425,0.941,0.00658597,140
0.136872578,0.056619233,0.393355989,0.057875518,brute,39,distance,"OrderedDict({'algorithm': 'brute', 'n_neighbors': 39, 'weights': 'distance'})",0.93625,0.95125,0.93125,0.93125,0.94125,0.93825,0.007483315,181
0.153975105,0.030963473,0.375257826,0.034681019,brute,29,distance,"OrderedDict({'algorithm': 'brute', 'n_neighbors': 29, 'weights': 'distance'})",0.94375,0.95125,0.93625,0.9325,0.945,0.94175,0.006642665,120
0.172119427,0.011149281,0.352548981,0.022758933,brute,40,distance,"OrderedDict({'algorithm': 'brute', 'n_neighbors': 40, 'weights': 'distance'})",0.935,0.94875,0.93125,0.93,0.93875,0.93675,0.006736097,205
0.093217468,0.038571008,0.345393085,0.082103484,brute,12,distance,"OrderedDict({'algorithm': 'brute', 'n_neighbors': 12, 'weights': 'distance'})",0.93875,0.96125,0.945,0.9425,0.95,0.9475,0.007786206,13
0.098927927,0.032955323,0.423497248,0.024451634,brute,5,distance,"OrderedDict({'algorithm': 'brute', 'n_neighbors': 5, 'weights': 'distance'})",0.93,0.9325,0.925,0.91375,0.9275,0.92575,0.0065,279
0.635034657,0.054317128,3.022048187,0.014179201,kd_tree,38,uniform,"OrderedDict({'algorithm': 'kd_tree', 'n_neighbors': 38, 'weights': 'uniform'})",0.93375,0.94875,0.93125,0.92875,0.9375,0.936,0.007,215
0.103079414,0.027505842,0.387088585,0.062498294,auto,4,distance,"OrderedDict({'algorithm': 'auto', 'n_neighbors': 4, 'weights': 'distance'})",0.91625,0.9125,0.91375,0.9025,0.91875,0.91275,0.005556528,287
0.124783659,0.043717597,0.338012648,0.06990167,auto,5,distance,"OrderedDict({'algorithm': 'auto', 'n_neighbors': 5, 'weights': 'distance'})",0.93,0.9325,0.925,0.91375,0.9275,0.92575,0.0065,279
0.093766737,0.023265791,0.332073879,0.072978611,auto,5,uniform,"OrderedDict({'algorithm': 'auto', 'n_neighbors': 5, 'weights': 'uniform'})",0.9425,0.94375,0.93375,0.92,0.935,0.935,0.008477912,235
0.168012476,0.068034036,0.337712193,0.053867724,brute,33,uniform,"OrderedDict({'algorithm': 'brute', 'n_neighbors': 33, 'weights': 'uniform'})",0.93625,0.94625,0.93375,0.93,0.93875,0.937,0.005454356,198
0.141314793,0.047116516,0.346999407,0.054074183,brute,11,distance,"OrderedDict({'algorithm': 'brute', 'n_neighbors': 11, 'weights': 'distance'})",0.93875,0.9525,0.94875,0.93625,0.95,0.94525,0.006490377,62
0.151623869,0.060313062,0.323243618,0.046353072,brute,9,distance,"OrderedDict({'algorithm': 'brute', 'n_neighbors': 9, 'weights': 'distance'})",0.93875,0.94375,0.9425,0.9375,0.9475,0.942,0.003588175,109
0.13797636,0.034225423,0.305509663,0.038197591,brute,33,distance,"OrderedDict({'algorithm': 'brute', 'n_neighbors': 33, 'weights': 'distance'})",0.93875,0.9475,0.93375,0.93,0.94125,0.93825,0.006051859,181
0.150860834,0.043902526,0.265082312,0.014276789,brute,43,uniform,"OrderedDict({'algorithm': 'brute', 'n_neighbors': 43, 'weights': 'uniform'})",0.9325,0.94875,0.9275,0.92875,0.93625,0.93475,0.007640353,244
0.791012955,0.275684908,24.93896937,1.416519546,ball_tree,9,uniform,"OrderedDict({'algorithm': 'ball_tree', 'n_neighbors': 9, 'weights': 'uniform'})",0.9425,0.94375,0.94125,0.93625,0.94125,0.941,0.00254951,140
0.702697992,0.148459219,25.86716824,1.308322993,ball_tree,9,distance,"OrderedDict({'algorithm': 'ball_tree', 'n_neighbors': 9, 'weights': 'distance'})",0.93875,0.94375,0.9425,0.9375,0.9475,0.942,0.003588175,109
0.559941053,0.024511326,26.3894659,0.335825147,ball_tree,21,distance,"OrderedDict({'algorithm': 'ball_tree', 'n_neighbors': 21, 'weights': 'distance'})",0.9425,0.9525,0.94125,0.93875,0.95,0.945,0.005303301,68
0.671154451,0.222905693,25.05776906,2.035185418,ball_tree,15,uniform,"OrderedDict({'algorithm': 'ball_tree', 'n_neighbors': 15, 'weights': 'uniform'})",0.9425,0.95375,0.94375,0.9375,0.95,0.9455,0.005733672,54
0.484525776,0.104309245,25.71589565,0.923241813,ball_tree,10,uniform,"OrderedDict({'algorithm': 'ball_tree', 'n_neighbors': 10, 'weights': 'uniform'})",0.93625,0.95125,0.94,0.93625,0.945,0.94175,0.005733672,120
0.529753971,0.220107974,25.88490973,0.913940949,ball_tree,8,distance,"OrderedDict({'algorithm': 'ball_tree', 'n_neighbors': 8, 'weights': 'distance'})",0.93875,0.94375,0.94375,0.93375,0.94,0.94,0.003708099,160
0.700451612,0.163106068,24.766819,1.847400599,ball_tree,43,distance,"OrderedDict({'algorithm': 'ball_tree', 'n_neighbors': 43, 'weights': 'distance'})",0.935,0.94875,0.92875,0.92875,0.9375,0.93575,0.007356969,220
0.579203939,0.164590949,26.49322796,0.708553485,ball_tree,42,distance,"OrderedDict({'algorithm': 'ball_tree', 'n_neighbors': 42, 'weights': 'distance'})",0.935,0.94875,0.93,0.93,0.93875,0.9365,0.006955214,209
0.660477972,0.191603182,26.28430934,0.241643802,ball_tree,44,uniform,"OrderedDict({'algorithm': 'ball_tree', 'n_neighbors': 44, 'weights': 'uniform'})",0.93,0.94875,0.92625,0.9275,0.93875,0.93425,0.008463155,259
0.583811426,0.171022376,24.90702314,1.994709665,ball_tree,1,uniform,"OrderedDict({'algorithm': 'ball_tree', 'n_neighbors': 1, 'weights': 'uniform'})",0.865,0.88375,0.86375,0.84625,0.865,0.86475,0.011869077,293
0.088192701,0.020687673,0.425464106,0.059945467,brute,9,uniform,"OrderedDict({'algorithm': 'brute', 'n_neighbors': 9, 'weights': 'uniform'})",0.9425,0.94375,0.94125,0.93625,0.94125,0.941,0.00254951,140
0.118171453,0.052348215,0.424496269,0.01651107,brute,23,distance,"OrderedDict({'algorithm': 'brute', 'n_neighbors': 23, 'weights': 'distance'})",0.94125,0.9525,0.94125,0.93625,0.9475,0.94375,0.005645795,84
0.12122097,0.019455161,0.440423679,0.047670771,brute,13,uniform,"OrderedDict({'algorithm': 'brute', 'n_neighbors': 13, 'weights': 'uniform'})",0.94125,0.9575,0.945,0.93875,0.9475,0.946,0.006490377,46
0.12224164,0.047991856,0.384731865,0.079409038,brute,19,distance,"OrderedDict({'algorithm': 'brute', 'n_neighbors': 19, 'weights': 'distance'})",0.945,0.9525,0.94,0.94375,0.95,0.94625,0.004472136,34
0.051313066,0.001358129,0.233548117,0.031395975,brute,27,distance,"OrderedDict({'algorithm': 'brute', 'n_neighbors': 27, 'weights': 'distance'})",0.9425,0.95125,0.93625,0.93375,0.9425,0.94125,0.006072479,133
0.109575748,0.017724318,0.349817705,0.098055262,brute,27,uniform,"OrderedDict({'algorithm': 'brute', 'n_neighbors': 27, 'weights': 'uniform'})",0.94,0.95125,0.93625,0.9325,0.94125,0.94025,0.006294839,152
0.153138733,0.056268362,0.367351007,0.090520302,brute,36,distance,"OrderedDict({'algorithm': 'brute', 'n_neighbors': 36, 'weights': 'distance'})",0.93875,0.95,0.93375,0.92875,0.9425,0.93875,0.00728869,177
0.141894102,0.069918008,0.340427303,0.060135753,brute,35,distance,"OrderedDict({'algorithm': 'brute', 'n_neighbors': 35, 'weights': 'distance'})",0.94,0.9475,0.9325,0.92875,0.94,0.93775,0.006538348,192
0.139056349,0.019760279,0.329022741,0.075404833,brute,26,uniform,"OrderedDict({'algorithm': 'brute', 'n_neighbors': 26, 'weights': 'uniform'})",0.94125,0.94875,0.93625,0.9325,0.9425,0.94025,0.005556528,152
0.112392521,0.025157547,0.351335859,0.044509731,brute,37,distance,"OrderedDict({'algorithm': 'brute', 'n_neighbors': 37, 'weights': 'distance'})",0.9375,0.95,0.93125,0.93125,0.94,0.938,0.006919176,186
0.55758214,0.056016529,20.93561316,1.068072637,ball_tree,44,uniform,"OrderedDict({'algorithm': 'ball_tree', 'n_neighbors': 44, 'weights': 'uniform'})",0.93,0.94875,0.92625,0.9275,0.93875,0.93425,0.008463155,259
0.680093431,0.14691883,20.87452707,0.634466362,ball_tree,28,uniform,"OrderedDict({'algorithm': 'ball_tree', 'n_neighbors': 28, 'weights': 'uniform'})",0.94125,0.94875,0.93625,0.93125,0.93875,0.93925,0.005787918,163
0.550062084,0.158637384,20.71200285,1.928341787,ball_tree,25,uniform,"OrderedDict({'algorithm': 'ball_tree', 'n_neighbors': 25, 'weights': 'uniform'})",0.94,0.95125,0.93625,0.93375,0.9425,0.94075,0.006051859,146
0.113533115,0.055414318,0.26972909,0.055195421,auto,24,uniform,"OrderedDict({'algorithm': 'auto', 'n_neighbors': 24, 'weights': 'uniform'})",0.94,0.95125,0.93875,0.93375,0.9425,0.94125,0.005755432,133
0.431958771,0.05519062,20.19294753,1.450532894,ball_tree,9,distance,"OrderedDict({'algorithm': 'ball_tree', 'n_neighbors': 9, 'weights': 'distance'})",0.93875,0.94375,0.9425,0.9375,0.9475,0.942,0.003588175,109
0.616748047,0.138273455,20.84050012,1.382724631,kd_tree,34,uniform,"OrderedDict({'algorithm': 'kd_tree', 'n_neighbors': 34, 'weights': 'uniform'})",0.9375,0.9475,0.93375,0.92875,0.9375,0.937,0.006154267,198
0.709948444,0.208180212,20.59866986,0.829462111,kd_tree,41,uniform,"OrderedDict({'algorithm': 'kd_tree', 'n_neighbors': 41, 'weights': 'uniform'})",0.93375,0.9475,0.93125,0.92875,0.9325,0.93475,0.00658597,244
0.580344296,0.040929552,21.27184377,1.236359007,kd_tree,5,distance,"OrderedDict({'algorithm': 'kd_tree', 'n_neighbors': 5, 'weights': 'distance'})",0.93,0.9325,0.925,0.91375,0.9275,0.92575,0.0065,279
0.524557543,0.154684956,20.96673207,0.928777767,ball_tree,28,distance,"OrderedDict({'algorithm': 'ball_tree', 'n_neighbors': 28, 'weights': 'distance'})",0.9425,0.9525,0.93625,0.935,0.94375,0.942,0.006254998,109
0.089110041,0.033384258,0.247223949,0.108584208,auto,21,distance,"OrderedDict({'algorithm': 'auto', 'n_neighbors': 21, 'weights': 'distance'})",0.9425,0.9525,0.94125,0.93875,0.95,0.945,0.005303301,68
0.108595657,0.011752694,0.442064381,0.079032485,brute,4,uniform,"OrderedDict({'algorithm': 'brute', 'n_neighbors': 4, 'weights': 'uniform'})",0.935,0.93,0.9175,0.91375,0.9275,0.92475,0.00792149,284
0.101890612,0.021264572,0.474253511,0.018597535,brute,5,uniform,"OrderedDict({'algorithm': 'brute', 'n_neighbors': 5, 'weights': 'uniform'})",0.9425,0.94375,0.93375,0.92,0.935,0.935,0.008477912,235
0.082620573,0.004582764,0.437861776,0.031288391,brute,50,distance,"OrderedDict({'algorithm': 'brute', 'n_neighbors': 50, 'weights': 'distance'})",0.93125,0.9475,0.92875,0.9275,0.9375,0.9345,0.007356969,250
0.094006729,0.015186692,0.339680576,0.093947558,brute,21,uniform,"OrderedDict({'algorithm': 'brute', 'n_neighbors': 21, 'weights': 'uniform'})",0.93875,0.95125,0.93875,0.93625,0.95,0.943,0.00630476,96
0.115872383,0.030766911,0.333772469,0.095145844,brute,36,uniform,"OrderedDict({'algorithm': 'brute', 'n_neighbors': 36, 'weights': 'uniform'})",0.935,0.94625,0.93125,0.9275,0.9375,0.9355,0.006354133,222
0.135448933,0.055316492,0.318951988,0.053757601,brute,50,uniform,"OrderedDict({'algorithm': 'brute', 'n_neighbors': 50, 'weights': 'uniform'})",0.9275,0.9475,0.925,0.9275,0.93625,0.93275,0.008306624,273
0.116281605,0.02199612,0.35692091,0.048130447,brute,21,distance,"OrderedDict({'algorithm': 'brute', 'n_neighbors': 21, 'weights': 'distance'})",0.9425,0.9525,0.94125,0.93875,0.95,0.945,0.005303301,68
0.119756365,0.026703218,0.332572174,0.054860883,brute,22,uniform,"OrderedDict({'algorithm': 'brute', 'n_neighbors': 22, 'weights': 'uniform'})",0.9375,0.95125,0.93875,0.93625,0.94625,0.942,0.005787918,109
0.135230064,0.053572455,0.35555315,0.026178773,brute,47,uniform,"OrderedDict({'algorithm': 'brute', 'n_neighbors': 47, 'weights': 'uniform'})",0.93125,0.94625,0.9275,0.9275,0.93875,0.93425,0.00727152,259
0.143961763,0.030300653,0.274669313,0.024131132,brute,17,uniform,"OrderedDict({'algorithm': 'brute', 'n_neighbors': 17, 'weights': 'uniform'})",0.94375,0.95125,0.9425,0.9375,0.94375,0.94375,0.004401704,84
0.693077564,0.215854823,24.66727858,1.201135743,ball_tree,4,distance,"OrderedDict({'algorithm': 'ball_tree', 'n_neighbors': 4, 'weights': 'distance'})",0.91625,0.9125,0.91375,0.9025,0.91875,0.91275,0.005556528,287
0.5605196,0.152294305,24.22076287,1.093117698,ball_tree,5,distance,"OrderedDict({'algorithm': 'ball_tree', 'n_neighbors': 5, 'weights': 'distance'})",0.93,0.9325,0.925,0.91375,0.9275,0.92575,0.0065,279
0.660994673,0.136385467,24.73024731,0.713277307,ball_tree,11,distance,"OrderedDict({'algorithm': 'ball_tree', 'n_neighbors': 11, 'weights': 'distance'})",0.93875,0.9525,0.94875,0.93625,0.95,0.94525,0.006490377,62
0.800676203,0.177906354,24.67689166,0.900783178,ball_tree,6,uniform,"OrderedDict({'algorithm': 'ball_tree', 'n_neighbors': 6, 'weights': 'uniform'})",0.94,0.9425,0.93625,0.925,0.94,0.93675,0.006204837,205
0.472134924,0.169433346,24.34939985,1.33850811,ball_tree,33,uniform,"OrderedDict({'algorithm': 'ball_tree', 'n_neighbors': 33, 'weights': 'uniform'})",0.93625,0.94625,0.93375,0.93,0.93875,0.937,0.005454356,198
0.51191268,0.11922543,23.06756301,1.107402025,ball_tree,34,uniform,"OrderedDict({'algorithm': 'ball_tree', 'n_neighbors': 34, 'weights': 'uniform'})",0.9375,0.9475,0.93375,0.92875,0.9375,0.937,0.006154267,198
0.644790983,0.149085914,23.85331173,2.626054597,ball_tree,19,uniform,"OrderedDict({'algorithm': 'ball_tree', 'n_neighbors': 19, 'weights': 'uniform'})",0.9425,0.95125,0.93875,0.93875,0.94375,0.943,0.004582576,100
0.599415684,0.148982288,24.36230998,1.226307268,ball_tree,7,uniform,"OrderedDict({'algorithm': 'ball_tree', 'n_neighbors': 7, 'weights': 'uniform'})",0.93625,0.945,0.93875,0.93125,0.94375,0.939,0.005024938,172
0.658492899,0.225839873,25.02467527,0.799441674,ball_tree,23,distance,"OrderedDict({'algorithm': 'ball_tree', 'n_neighbors': 23, 'weights': 'distance'})",0.94125,0.9525,0.94125,0.93625,0.9475,0.94375,0.005645795,84
0.572405863,0.190115872,24.91293249,0.929974023,ball_tree,50,distance,"OrderedDict({'algorithm': 'ball_tree', 'n_neighbors': 50, 'weights': 'distance'})",0.93125,0.9475,0.92875,0.9275,0.9375,0.9345,0.007356969,250
0.600134468,0.042350694,25.28322778,0.773012161,kd_tree,15,uniform,"OrderedDict({'algorithm': 'kd_tree', 'n_neighbors': 15, 'weights': 'uniform'})",0.9425,0.95375,0.94375,0.9375,0.95,0.9455,0.005733672,54
0.570875931,0.048473466,26.6188705,0.294607916,kd_tree,23,distance,"OrderedDict({'algorithm': 'kd_tree', 'n_neighbors': 23, 'weights': 'distance'})",0.94125,0.9525,0.94125,0.93625,0.9475,0.94375,0.005645795,84
0.56265955,0.025485184,25.53801627,1.418242462,kd_tree,24,distance,"OrderedDict({'algorithm': 'kd_tree', 'n_neighbors': 24, 'weights': 'distance'})",0.9425,0.9525,0.94125,0.935,0.9475,0.94375,0.00591608,84
0.49632864,0.101342908,25.70089192,1.202218749,kd_tree,11,uniform,"OrderedDict({'algorithm': 'kd_tree', 'n_neighbors': 11, 'weights': 'uniform'})",0.94,0.955,0.94625,0.94125,0.9475,0.946,0.005326819,38
0.525585413,0.174250296,24.94273148,0.671420222,kd_tree,20,distance,"OrderedDict({'algorithm': 'kd_tree', 'n_neighbors': 20, 'weights': 'distance'})",0.945,0.9525,0.9425,0.94,0.94875,0.94575,0.004444097,50
0.557910442,0.102589167,26.79580832,0.138474953,kd_tree,13,uniform,"OrderedDict({'algorithm': 'kd_tree', 'n_neighbors': 13, 'weights': 'uniform'})",0.94125,0.9575,0.945,0.93875,0.9475,0.946,0.006490377,46
0.557015228,0.110327908,25.30371313,1.458689856,kd_tree,32,uniform,"OrderedDict({'algorithm': 'kd_tree', 'n_neighbors': 32, 'weights': 'uniform'})",0.9375,0.9475,0.93625,0.92875,0.94,0.938,0.006051859,186
0.543140411,0.065726926,25.50952945,0.685812732,kd_tree,31,uniform,"OrderedDict({'algorithm': 'kd_tree', 'n_neighbors': 31, 'weights': 'uniform'})",0.9375,0.94625,0.935,0.93,0.93875,0.9375,0.005303301,195
0.611607075,0.123682405,25.92960048,0.966498111,kd_tree,39,distance,"OrderedDict({'algorithm': 'kd_tree', 'n_neighbors': 39, 'weights': 'distance'})",0.93625,0.95125,0.93125,0.93125,0.94125,0.93825,0.007483315,181
0.475639725,0.089597999,25.8184639,1.36243214,kd_tree,35,distance,"OrderedDict({'algorithm': 'kd_tree', 'n_neighbors': 35, 'weights': 'distance'})",0.94,0.9475,0.9325,0.92875,0.94,0.93775,0.006538348,192
0.104249811,0.038305569,0.338995028,0.052404941,auto,48,uniform,"OrderedDict({'algorithm': 'auto', 'n_neighbors': 48, 'weights': 'uniform'})",0.93,0.94625,0.92625,0.9275,0.93625,0.93325,0.007356969,267
0.584101868,0.081537795,18.4452189,0.813591946,ball_tree,17,uniform,"OrderedDict({'algorithm': 'ball_tree', 'n_neighbors': 17, 'weights': 'uniform'})",0.94375,0.95125,0.9425,0.9375,0.94375,0.94375,0.004401704,84
0.678532887,0.029394879,19.31871848,0.935809806,kd_tree,48,uniform,"OrderedDict({'algorithm': 'kd_tree', 'n_neighbors': 48, 'weights': 'uniform'})",0.93,0.94625,0.92625,0.9275,0.93625,0.93325,0.007356969,267
0.595669174,0.121631551,19.42156219,0.418358506,ball_tree,29,distance,"OrderedDict({'algorithm': 'ball_tree', 'n_neighbors': 29, 'weights': 'distance'})",0.94375,0.95125,0.93625,0.9325,0.945,0.94175,0.006642665,120
0.446550417,0.132037104,16.38750648,2.319262753,ball_tree,21,uniform,"OrderedDict({'algorithm': 'ball_tree', 'n_neighbors': 21, 'weights': 'uniform'})",0.93875,0.95125,0.93875,0.93625,0.95,0.943,0.00630476,96
0.127562523,0.045908733,0.29291234,0.101215483,brute,48,uniform,"OrderedDict({'algorithm': 'brute', 'n_neighbors': 48, 'weights': 'uniform'})",0.93,0.94625,0.92625,0.9275,0.93625,0.93325,0.007356969,267
0.568771696,0.091322995,18.79906807,1.41388365,ball_tree,29,uniform,"OrderedDict({'algorithm': 'ball_tree', 'n_neighbors': 29, 'weights': 'uniform'})",0.94,0.94875,0.935,0.9325,0.94,0.93925,0.005567764,163
0.603837633,0.177877593,19.47960539,0.470395634,ball_tree,27,distance,"OrderedDict({'algorithm': 'ball_tree', 'n_neighbors': 27, 'weights': 'distance'})",0.9425,0.95125,0.93625,0.93375,0.9425,0.94125,0.006072479,133
0.595777416,0.213813029,18.87045069,1.394694743,ball_tree,40,uniform,"OrderedDict({'algorithm': 'ball_tree', 'n_neighbors': 40, 'weights': 'uniform'})",0.93375,0.94875,0.93125,0.9275,0.93375,0.935,0.007245688,235
0.466279173,0.098542078,18.43550096,1.195501097,ball_tree,41,uniform,"OrderedDict({'algorithm': 'ball_tree', 'n_neighbors': 41, 'weights': 'uniform'})",0.93375,0.9475,0.93125,0.92875,0.9325,0.93475,0.00658597,244
